"商店ID","店主人ID","商店名字","出售价格比率","出售物品","出售稀有物品"
"ID","OwnerID","Name","SaleAgio","SaleItems","LimitItems"
1,52,"$L:npc_shop_zahuodian1$",1,"4;5;6;7;;3455;3456;3457;",
2,"3102;199;3407","$L:npc_shop_fomengshuidian$",1,"200;202",
3,"3007;200;3305;3203","$L:npc_shop_emeishuidian$",1,"200;202",
4,"128;372","$L:npc_shop_xinshoucunshuidian$",1,"357;358;359;360;361;362;363;364;1080;3455;3456;3457;34;35;560;561;44;45;14;15;638;639;",
5,"102;288;5422","$L:npc_shop_chengdushuidian$",1,"363;364;365;366;367;368;1080;1050;1089;15096;15097;3455;3456;3457;36;562;46;16;640;",
6,"109;371;391;5040","$L:npc_shop_xinshoucunwuqi$",1,"3900;3901;3902;3903;3904;3905;3906;3907;3908;3909;3910;3911;3912;3913;401;402;404;405",
7,"408;49","$L:npc_shop_yunlingshancunshuidian$",1,"359;360;361;362;363;364;1080;3455;3456;3457;35;36;561;562;45;46;15;16;639;640;",
8,"371;287;363","$L:npc_shop_yunlingshanchengduwuqi$",1,"3900;3901;3902;3903;3904;3905;3906;3907;3908;3909;3910;3911;3912;3913;401;402;404;405",
9,394,"$L:npc_shop_ciyunshuidian$",1,"363;364;365;366;367;368;1080;3455;3456;3457;",
10,411,"$L:npc_shop_guihuashanshuidian$",1,"367;368;369;370;371;372;1080;3455;3456;3457;",
11,406,"$L:npc_shop_yunlingshengwang$",20,"259,6,0,0,2,14,1,1,1,0,0;
268,6,0,0,2,14,1,1,2,0,0;
277,6,0,0,2,14,1,1,3,0,0;
602,6,0,0,2,14,1,1,4,0,0;
680,6,0,0,2,14,1,1,5,0,0;
286,6,0,0,2,14,1,2,1,0,0;
295,6,0,0,2,14,1,2,2,0,0;
304,6,0,0,2,14,1,2,3,0,0;
611,6,0,0,2,14,1,2,4,0,0;
689,6,0,0,2,14,1,2,5,0,0;
313,6,0,0,2,14,2,3,1,0,0;
322,6,0,0,2,14,2,3,2,0,0;
331,6,0,0,2,14,2,3,3,0,0;
620,6,0,0,2,14,2,3,4,0,0;
698,6,0,0,2,14,2,3,5,0,0;
16,156,0,0,2,14,3,4,1,0,0;
36,156,0,0,2,14,3,4,2,0,0;
46,156,0,0,2,14,3,4,3,0,0;
562,156,0,0,2,14,3,4,4,0,0;
640,156,0,0,2,14,3,4,5,0,0;",
12,407,"$L:npc_shop_huzhuashanshengwang$",20,"259,6,0,0,2,17,1,1,1,0,0;
268,6,0,0,2,17,1,1,2,0,0;
277,6,0,0,2,17,1,1,3,0,0;
602,6,0,0,2,17,1,1,4,0,0;
680,6,0,0,2,17,1,1,5,0,0;
286,6,0,0,2,17,1,2,1,0,0;
295,6,0,0,2,17,1,2,2,0,0;
304,6,0,0,2,17,1,2,3,0,0;
611,6,0,0,2,17,1,2,4,0,0;
689,6,0,0,2,17,1,2,5,0,0;
313,6,0,0,2,17,2,3,1,0,0;
322,6,0,0,2,17,2,3,2,0,0;
331,6,0,0,2,17,2,3,3,0,0;
620,6,0,0,2,17,2,3,4,0,0;
698,6,0,0,2,17,2,3,5,0,0;
16,156,0,0,2,17,3,4,1,0,0;
36,156,0,0,2,17,3,4,2,0,0;
46,156,0,0,2,17,3,4,3,0,0;
562,156,0,0,2,17,3,4,4,0,0;
640,156,0,0,2,17,3,4,5,0,0;",
13,413,"$L:npc_shop_chengdushengwang$",20,"260,6,0,0,2,15,2,1,1,0,0;
269,6,0,0,2,15,2,1,2,0,0;
278,6,0,0,2,15,2,1,3,0,0;
603,6,0,0,2,15,2,1,4,0,0;
681,6,0,0,2,15,2,1,5,0,0;
239,54,0,0,2,15,3,1,6,0,0;
287,6,0,0,2,15,3,2,1,0,0;
296,6,0,0,2,15,3,2,2,0,0;
305,6,0,0,2,15,3,2,3,0,0;
612,6,0,0,2,15,3,2,4,0,0;
690,6,0,0,2,15,3,2,5,0,0;
239,56,0,0,2,15,3,2,6,0,0;",
14,414,"$L:npc_shop_ciyunsishengwang$",10,"314,6,0,0,2,16,2,1,1,0,0;
323,6,0,0,2,16,2,1,2,0,0;
332,6,0,0,2,16,2,1,3,0,0;
621,6,0,0,2,16,2,1,4,0,0;
699,6,0,0,2,16,2,1,5,0,0;
240,54,0,0,2,16,3,1,6,0,0;
17,156,0,0,2,16,3,2,1,0,0;
37,156,0,0,2,16,3,2,2,0,0;
47,156,0,0,2,16,3,2,3,0,0;
563,156,0,0,2,16,3,2,4,0,0;
641,156,0,0,2,16,3,2,5,0,0;
240,56,0,0,2,16,3,2,6,0,0;
78,6,0,0,2,16,3,3,1,0,0;
105,6,0,0,2,16,3,3,2,0,0;
132,6,0,0,2,16,3,3,3,0,0;
576,6,0,0,2,16,3,3,4,0,0;
654,6,0,0,2,16,3,3,5,0,0;
96,6,0,0,2,16,3,4,1,0,0;
123,6,0,0,2,16,3,4,2,0,0;
150,6,0,0,2,16,3,4,3,0,0;
594,6,0,0,2,16,3,4,4,0,0;
672,6,0,0,2,16,3,4,5,0,0;
",
15,"319;326","$L:npc_shop_xueshancunshuidian$",1,"367;368;369;370;371;372;1080;3455;3456;3457;",
16,432,"$L:npc_shop_tanlan$",1,"1082;1083;1084;1085;64;65;71;70;72;73;570;571;648;649;",
17,4333,"$L:npc_shop_qingluoshanshuidian$",1,"369;370;371;372;373;374;1080;3455;3456;3457;",
18,4439,"$L:npc_shop_qingluoshanshuidian$",1,"371;372;373;374;375;376;1080;3455;3456;3457;",
19,4447,"$L:npc_shop_mangcangshan$",10,"814,0,0,0,2,29,5,1,1,0,0;
820,0,0,0,2,29,5,1,2,0,0;
826,0,0,0,2,29,5,1,3,0,0;
832,0,0,0,2,29,5,1,4,0,0;
838,0,0,0,2,29,5,1,5,0,0;
812,0,0,0,2,29,10,2,1,0,0;
818,0,0,0,2,29,10,2,2,0,0;
824,0,0,0,2,29,10,2,3,0,0;
830,0,0,0,2,29,10,2,4,0,0;
836,0,0,0,2,29,10,2,5,0,0;",
20,"4456;4457;4458","$L:npc_shop_yuebing$",1,"3475;3476;3477",
21,"443;","$L:npc_shop_tianhuacundama$",1,"357;358;359;360;361;362;363;364;1080;1400;1401;1402;1403;1404;1405;4319;4320",
22,"444;","$L:npc_shop_yuchengcuncundama$",1,"357;358;359;360;361;362;363;364;1080;1400;1401;1402;1403;1404;1405;4319;4320",
23,"445;","$L:npc_shop_chengduchengdama$",1,"363;364;365;366;367;368;1080;1050;1089;15096;15097;1400;1401;1402;1403;1404;1405;4319;4320",
24,4101,"$L:npc_shop_guihuashanshengwang$",20,"261,6,0,0,2,26,1,1,1,0,0;
270,6,0,0,2,26,1,1,2,0,0;
279,6,0,0,2,26,1,1,3,0,0;
604,6,0,0,2,26,1,1,4,0,0;
682,6,0,0,2,26,1,1,5,0,0;
288,6,0,0,2,26,2,2,1,0,0;
297,6,0,0,2,26,2,2,2,0,0;
306,6,0,0,2,26,2,2,3,0,0;
613,6,0,0,2,26,2,2,4,0,0;
691,6,0,0,2,26,2,2,5,0,0;
315,6,0,0,2,26,3,3,1,0,0;
324,6,0,0,2,26,3,3,2,0,0;
333,6,0,0,2,26,3,3,3,0,0;
622,6,0,0,2,26,3,3,4,0,0;
700,6,0,0,2,26,3,3,5,0,0;",
25,4201,"$L:npc_shop_xueshanshengwang$",20,"8,156,0,0,2,22,2,1,1,0,0;
28,156,0,0,2,22,2,1,2,0,0;
58,156,0,0,2,22,2,1,3,0,0;
554,156,0,0,2,22,2,1,4,0,0;
632,156,0,0,2,22,2,1,5,0,0;
241,54,0,0,2,22,1,1,6,0,0;
18,156,0,0,2,22,3,2,1,0,0;
38,156,0,0,2,22,3,2,2,0,0;
48,156,0,0,2,22,3,2,3,0,0;
564,156,0,0,2,22,3,2,4,0,0;
642,156,0,0,2,22,3,2,5,0,0;
241,56,0,0,2,22,1,2,6,0,0;",
26,4512,"$L:npc_shop_tianhuacunshengwang$",5,"85,1,0,0,2,13,1,1,1,0,0;
112,1,0,0,2,13,1,1,2,0,0;
139,1,0,0,2,13,1,1,3,0,0;
583,1,0,0,2,13,1,1,4,0,0;
661,1,0,0,2,13,1,1,5,0,0;
94,1,0,0,2,13,2,2,1,0,0;
121,1,0,0,2,13,2,2,2,0,0;
148,1,0,0,2,13,2,2,3,0,0;
592,1,0,0,2,13,2,2,4,0,0;
670,1,0,0,2,13,2,2,5,0,0;
76,1,0,0,2,13,3,3,1,0,0;
103,1,0,0,2,13,3,3,2,0,0;
130,1,0,0,2,13,3,3,3,0,0;
574,1,0,0,2,13,3,3,4,0,0;
652,1,0,0,2,13,3,3,5,0,0;
5,153,0,0,2,13,5,4,1,0,0;
25,153,0,0,2,13,5,4,2,0,0;
55,153,0,0,2,13,5,4,3,0,0;
551,153,0,0,2,13,5,4,4,0,0;
629,153,0,0,2,13,5,4,5,0,0;",
27,4511,"$L:npc_shop_niuer$",1,"3513;4964;4965;4966;4967;4968;",
28,2904,"$L:npc_war$",1,"3744;3745",
29,"4520;4521;4522","$L:npc_card$",100,"3746;3747;3748;3749;3750",
30,"4643;","$L:npc_newyear$",1,"3888,0,0,604800,0,0,0,1,1,0,0;
3889,0,0,604800,0,0,0,1,2,0,0;
4275,0,0,604800,0,0,0,1,3,0,0;
4276,0,0,604800,0,0,0,1,4,0,0;",
31,"4646;","$L:npc_shop_daijiachang$",1,"373;374;375;376;3900;3901;3902;3903;3455;3456;3457;1080",
32,"4647;","$L:npc_shop_30-40wuqidian$",1,"3900;3901;3902;3903;3904;3905;3906;3907;3908;3909;3910;3911;3912;3913;401;402;404;405",
33,"4648;325","$L:npc_shop_40-50wuqidian$",1,"3900;3901;3902;3903;3904;3905;3906;3907;3908;3909;3910;3911;3912;3913;401;402;404;405",
34,"4649;","$L:npc_shop_50-60daijiachang$",1,"3900;3901;3902;3903;3904;3905;3906;3907;3908;3909;3910;3911;3912;3913;401;402;404;405",
35,4650,"$L:npc_shop_qingluoshanshengwang$",20,"262,6,0,0,2,28,1,1,1,0,0;
271,6,0,0,2,28,1,1,2,0,0;
280,6,0,0,2,28,1,1,3,0,0;
605,6,0,0,2,28,1,1,4,0,0;
683,6,0,0,2,28,1,1,5,0,0;
289,6,0,0,2,28,2,2,1,0,0;
298,6,0,0,2,28,2,2,2,0,0;
307,6,0,0,2,28,2,2,3,0,0;
614,6,0,0,2,28,2,2,4,0,0;
692,6,0,0,2,28,2,2,5,0,0;
316,6,0,0,2,28,3,3,1,0,0;
325,6,0,0,2,28,3,3,2,0,0;
334,6,0,0,2,28,3,3,3,0,0;
623,6,0,0,2,28,3,3,4,0,0;
701,6,0,0,2,28,3,3,5,0,0;",
36,4415,"$L:npc_shop_maxiongshengwang$",20,"242,54,0,0,2,31,2,1,1,0,0;
242,56,0,0,2,31,2,1,2,0,0;
19,156,0,0,2,31,3,2,1,0,0;
39,156,0,0,2,31,3,2,2,0,0;
49,156,0,0,2,31,3,2,3,0,0;
565,156,0,0,2,31,3,2,4,0,0;
643,156,0,0,2,31,3,2,5,0,0;",
37,4651,"$L:npc_shop_daijiacangshengwang$",20,"263,6,0,0,2,30,2,1,1,0,0;
272,6,0,0,2,30,2,1,2,0,0;
281,6,0,0,2,30,2,1,3,0,0;
606,6,0,0,2,30,2,1,4,0,0;
684,6,0,0,2,30,2,1,5,0,0;
290,6,0,0,2,30,3,2,1,0,0;
299,6,0,0,2,30,3,2,2,0,0;
308,6,0,0,2,30,3,2,3,0,0;
615,6,0,0,2,30,3,2,4,0,0;
693,6,0,0,2,30,3,2,5,0,0;
317,6,0,0,2,30,4,3,1,0,0;
326,6,0,0,2,30,4,3,2,0,0;
335,6,0,0,2,30,4,3,3,0,0;
624,6,0,0,2,30,4,3,4,0,0;
702,6,0,0,2,30,4,3,5,0,0;
243,54,0,0,2,30,5,4,1,0,0;
243,56,0,0,2,30,5,4,2,0,0;
20,156,0,0,2,30,6,5,1,0,0;
40,156,0,0,2,30,6,5,2,0,0;
50,156,0,0,2,30,6,5,3,0,0;
566,156,0,0,2,30,6,5,4,0,0;
644,156,0,0,2,30,6,5,5,0,0;",
38,2065,"$L:npc_shop_chujijingji$",2,"359;360;361;362;363;364;365;366;367;368;369;370;",
39,2066,"$L:npc_shop_gaojijingji$",2,"369;370;371;372;373;374;375;376;3900;3901;3902;3903;3904;3905;",
40,4652,"$L:npc_shop_yunyoushangren15$",1,"361;362;363;364;365;366;",
41,4653,"$L:npc_shop_yunyoushangren30$",1,"365;366;367;368;369;370;",
42,4654,"$L:npc_shop_yunyoushangren45$",1,"369;370;371;372;373;374;375;376;",
43,4563,"$L:npc_shop_guild$",1,"4047,0,0,0,2,0,0,1,1,20000,0;
4048,0,0,0,2,0,0,1,2,20000,0;
4049,0,0,0,2,0,0,1,3,20000,0;
4050,0,0,0,2,0,0,1,4,20000,0;
4196,0,0,0,2,0,0,1,5,20000,0;
4197,0,0,0,2,0,0,1,6,20000,0;
4781,0,0,0,2,0,0,2,1,20000,0;
4782,0,0,0,2,0,0,2,2,20000,0;
5877,0,0,0,2,0,0,2,3,20000,0;
5878,0,0,0,2,0,0,2,4,20000,0;",
44,4562,"$L:npc_shop_guildTaskShop$",1,"3993;",
45,"4755;","$L:npc_shop_EUandAMTaskShop$",1,"4526;15074;5891;3922;4913;5895;3449;3450;3448;4176;4912;3446;3447;4764;5892;1251;4534;4107;4171;4172;4173;4174;4929;4535",
46,4700,"$L:npc_shop_Battle$",1,,"4111,0,0,86400,2,0,0,1,1,0,0:600:1;
4112,0,0,86400,2,0,0,1,2,0,0:300:1;
4113,0,0,86400,2,0,0,1,3,0,0:600:1;"
47,"4863;5215","$L:npc_shop_70$",20,"843,0,0,0,2,33,1,1,1,0,0;
849,0,0,0,2,33,1,1,2,0,0;
855,0,0,0,2,33,1,1,3,0,0;
861,0,0,0,2,33,1,1,4,0,0;
867,0,0,0,2,33,1,1,5,0,0;
844,0,0,0,2,33,1,2,1,0,0;
850,0,0,0,2,33,1,2,2,0,0;
856,0,0,0,2,33,1,2,3,0,0;
862,0,0,0,2,33,1,2,4,0,0;
868,0,0,0,2,33,1,2,5,0,0;
845,0,0,0,2,33,1,3,1,0,0;
851,0,0,0,2,33,1,3,2,0,0;
857,0,0,0,2,33,1,3,3,0,0;
863,0,0,0,2,33,1,3,4,0,0;
869,0,0,0,2,33,1,3,5,0,0;
841,0,0,0,2,33,1,4,1,0,0;
847,0,0,0,2,33,1,4,2,0,0;
853,0,0,0,2,33,1,4,3,0,0;
859,0,0,0,2,33,1,4,4,0,0;
865,0,0,0,2,33,1,4,5,0,0;
842,0,0,0,2,33,1,5,1,0,0;
848,0,0,0,2,33,1,5,2,0,0;
854,0,0,0,2,33,1,5,3,0,0;
860,0,0,0,2,33,1,5,4,0,0;
866,0,0,0,2,33,1,5,5,0,0;
840,0,0,0,2,33,1,6,1,0,0;
846,0,0,0,2,33,1,6,2,0,0;
852,0,0,0,2,33,1,6,3,0,0;
858,0,0,0,2,33,1,6,4,0,0;
864,0,0,0,2,33,1,6,5,0,0;",
48,4864,"$L:npc_shop_70$",20,"843,0,0,0,2,33,1,1,1,0,0;
849,0,0,0,2,33,1,1,2,0,0;
855,0,0,0,2,33,1,1,3,0,0;
861,0,0,0,2,33,1,1,4,0,0;
867,0,0,0,2,33,1,1,5,0,0;
844,0,0,0,2,33,1,2,1,0,0;
850,0,0,0,2,33,1,2,2,0,0;
856,0,0,0,2,33,1,2,3,0,0;
862,0,0,0,2,33,1,2,4,0,0;
868,0,0,0,2,33,1,2,5,0,0;
845,0,0,0,2,33,1,3,1,0,0;
851,0,0,0,2,33,1,3,2,0,0;
857,0,0,0,2,33,1,3,3,0,0;
863,0,0,0,2,33,1,3,4,0,0;
869,0,0,0,2,33,1,3,5,0,0;
841,0,0,0,2,33,1,4,1,0,0;
847,0,0,0,2,33,1,4,2,0,0;
853,0,0,0,2,33,1,4,3,0,0;
859,0,0,0,2,33,1,4,4,0,0;
865,0,0,0,2,33,1,4,5,0,0;
842,0,0,0,2,33,1,5,1,0,0;
848,0,0,0,2,33,1,5,2,0,0;
854,0,0,0,2,33,1,5,3,0,0;
860,0,0,0,2,33,1,5,4,0,0;
866,0,0,0,2,33,1,5,5,0,0;
840,0,0,0,2,33,1,6,1,0,0;
846,0,0,0,2,33,1,6,2,0,0;
852,0,0,0,2,33,1,6,3,0,0;
858,0,0,0,2,33,1,6,4,0,0;
864,0,0,0,2,33,1,6,5,0,0;",
49,4865,"$L:npc_shop_mangcangshan$",10,"813,0,0,0,2,29,2,1,1,0,0;
819,0,0,0,2,29,2,1,2,0,0;
825,0,0,0,2,29,2,1,3,0,0;
831,0,0,0,2,29,2,1,4,0,0;
837,0,0,0,2,29,2,1,5,0,0;
814,0,0,0,2,29,3,2,1,0,0;
820,0,0,0,2,29,3,2,2,0,0;
826,0,0,0,2,29,3,2,3,0,0;
832,0,0,0,2,29,3,2,4,0,0;
838,0,0,0,2,29,3,2,5,0,0;
815,0,0,0,2,29,4,3,1,0,0;
821,0,0,0,2,29,4,3,2,0,0;
827,0,0,0,2,29,4,3,3,0,0;
833,0,0,0,2,29,4,3,4,0,0;
839,0,0,0,2,29,4,3,5,0,0;
811,0,0,0,2,29,5,4,1,0,0;
817,0,0,0,2,29,5,4,2,0,0;
823,0,0,0,2,29,5,4,3,0,0;
829,0,0,0,2,29,5,4,4,0,0;
835,0,0,0,2,29,5,4,5,0,0;",
50,"4883;4925","$L:npc_shop_mangcangshan$",1,"4114;4133;4135;4131;4143","4218:600:1;"
51,4884,"$L:npc_shop_jingji$",20,"873,0,0,0,2,0,0,1,1,0,50;
879,0,0,0,2,0,0,1,2,0,50;
885,0,0,0,2,0,0,1,3,0,50;
891,0,0,0,2,0,0,1,4,0,50;
897,0,0,0,2,0,0,1,5,0,50;
874,0,0,0,2,0,0,2,1,0,50;
880,0,0,0,2,0,0,2,2,0,50;
886,0,0,0,2,0,0,2,3,0,50;
892,0,0,0,2,0,0,2,4,0,50;
898,0,0,0,2,0,0,2,5,0,50;
875,0,0,0,2,0,0,3,1,0,100;
881,0,0,0,2,0,0,3,2,0,100;
887,0,0,0,2,0,0,3,3,0,100;
893,0,0,0,2,0,0,3,4,0,100;
899,0,0,0,2,0,0,3,5,0,100;
871,0,0,0,2,0,0,4,1,0,100;
877,0,0,0,2,0,0,4,2,0,100;
883,0,0,0,2,0,0,4,3,0,100;
889,0,0,0,2,0,0,4,4,0,100;
895,0,0,0,2,0,0,4,5,0,100;
872,0,0,0,2,0,0,5,1,0,150;
878,0,0,0,2,0,0,5,2,0,150;
884,0,0,0,2,0,0,5,3,0,150;
890,0,0,0,2,0,0,5,4,0,150;
896,0,0,0,2,0,0,5,5,0,150;
870,0,0,0,2,0,0,6,1,0,150;
876,0,0,0,2,0,0,6,2,0,150;
882,0,0,0,2,0,0,6,3,0,150;
888,0,0,0,2,0,0,6,4,0,150;
894,0,0,0,2,0,0,6,5,0,150;",
52,4892,"$L:npc_shop_yunlingshanchengduwuqi$",1,"3900;3901;3902;3903;3904;3905;3906;3907;3908;3909;3910;3911;3912;3913;401;402;404;405",
53,"4906;4923","$L:npc_shop_xinshoucunshuidian$",1,"357;358;359;360;361;362;363;364;1080;3455;3456;3457;1082;1083;1084;1085;34;35;560;561;44;45;14;15;638;639;4828;",
54,"4907;4908","$L:npc_shop_yunlingshancunshuidian$",1,"359;360;361;362;363;364;1080;3455;3456;3457;1082;1083;1084;1085;35;36;561;562;45;46;15;16;639;640;4828;",
55,"4909;","$L:npc_shop_chengduchengdama$",1,"363;364;365;366;367;368;1080;1050;1089;15096;15097;1084;1085;36;562;46;16;640;4828;",
56,4924,"$L:npc_shop_jingji$",20,"873,0,0,0,2,0,0,1,1,0,3000;
879,0,0,0,2,0,0,1,2,0,3000;
885,0,0,0,2,0,0,1,3,0,3000;
891,0,0,0,2,0,0,1,4,0,3000;
897,0,0,0,2,0,0,1,5,0,3000;
874,0,0,0,2,0,0,2,1,0,3000;
880,0,0,0,2,0,0,2,2,0,3000;
886,0,0,0,2,0,0,2,3,0,3000;
892,0,0,0,2,0,0,2,4,0,3000;
898,0,0,0,2,0,0,2,5,0,3000;
875,0,0,0,2,0,0,3,1,0,4000;
881,0,0,0,2,0,0,3,2,0,4000;
887,0,0,0,2,0,0,3,3,0,4000;
893,0,0,0,2,0,0,3,4,0,4000;
899,0,0,0,2,0,0,3,5,0,4000;
871,0,0,0,2,0,0,4,1,0,4000;
877,0,0,0,2,0,0,4,2,0,4000;
883,0,0,0,2,0,0,4,3,0,4000;
889,0,0,0,2,0,0,4,4,0,4000;
895,0,0,0,2,0,0,4,5,0,4000;
872,0,0,0,2,0,0,5,1,0,5000;
878,0,0,0,2,0,0,5,2,0,5000;
884,0,0,0,2,0,0,5,3,0,5000;
890,0,0,0,2,0,0,5,4,0,5000;
896,0,0,0,2,0,0,5,5,0,5000;
870,0,0,0,2,0,0,6,1,0,5000;
876,0,0,0,2,0,0,6,2,0,5000;
882,0,0,0,2,0,0,6,3,0,5000;
888,0,0,0,2,0,0,6,4,0,5000;
894,0,0,0,2,0,0,6,5,0,5000;",
57,4925,"$L:npc_shop_mangcangshan$",1,"4299;4300;4301;4302;4303",
58,4926,"$L:npc_newyear$",1,"4275,0,0,86400,0,0,0,1,1,0,0;
4276,0,0,86400,0,0,0,1,2,0,0;",
59,4928,"$L:npc_newyear$",1,"4420,0,0,0,0,0,0,1,1,0,0;",
60,4966,"$L:npc_shop_yuelongcunyaoshi$",1,"3902;3903;3904;3905;3906;3907;3908;3909;3910;3911;3912;3913;3914;3915;3916;3917;1080;401;402;404;405",
61,"4967;5365","$L:npc_shop_yuelongcuntiejiang$",1,"3900;3901;3902;3903;3904;3905;3906;3907;3908;3909;3910;3911;3912;3913;401;402;404;405",
62,4922,"$L:npc_shop_VNandAMTaskShop$",1,"4466;4464;",
63,5039,"$L:npc_shop_niuer$",30,"3513;3514",
64,5042,"$L:npc_shop_jingjiyuenan$",20,"873,0,0,0,2,0,0,1,1,0,800;
879,0,0,0,2,0,0,1,2,0,800;
885,0,0,0,2,0,0,1,3,0,800;
891,0,0,0,2,0,0,1,4,0,800;
897,0,0,0,2,0,0,1,5,0,800;
874,0,0,0,2,0,0,2,1,0,800;
880,0,0,0,2,0,0,2,2,0,800;
886,0,0,0,2,0,0,2,3,0,800;
892,0,0,0,2,0,0,2,4,0,800;
898,0,0,0,2,0,0,2,5,0,800;
875,0,0,0,2,0,0,3,1,0,1000;
881,0,0,0,2,0,0,3,2,0,1000;
887,0,0,0,2,0,0,3,3,0,1000;
893,0,0,0,2,0,0,3,4,0,1000;
899,0,0,0,2,0,0,3,5,0,1000;
871,0,0,0,2,0,0,4,1,0,1000;
877,0,0,0,2,0,0,4,2,0,1000;
883,0,0,0,2,0,0,4,3,0,1000;
889,0,0,0,2,0,0,4,4,0,1000;
895,0,0,0,2,0,0,4,5,0,1000;
872,0,0,0,2,0,0,5,1,0,1300;
878,0,0,0,2,0,0,5,2,0,1300;
884,0,0,0,2,0,0,5,3,0,1300;
890,0,0,0,2,0,0,5,4,0,1300;
896,0,0,0,2,0,0,5,5,0,1300;
870,0,0,0,2,0,0,6,1,0,1300;
876,0,0,0,2,0,0,6,2,0,1300;
882,0,0,0,2,0,0,6,3,0,1300;
888,0,0,0,2,0,0,6,4,0,1300;
894,0,0,0,2,0,0,6,5,0,1300;
6368,0,0,0,0,0,0,7,1,0,30;",
65,5041,"$L:npc_shop_70_yuenan$",20,"841,0,0,0,2,33,2,1,1,0,0;
847,0,0,0,2,33,2,1,2,0,0;
853,0,0,0,2,33,2,1,3,0,0;
859,0,0,0,2,33,2,1,4,0,0;
865,0,0,0,2,33,2,1,5,0,0;
842,0,0,0,2,33,4,2,1,0,0;
848,0,0,0,2,33,4,2,2,0,0;
854,0,0,0,2,33,4,2,3,0,0;
860,0,0,0,2,33,4,2,4,0,0;
866,0,0,0,2,33,4,2,5,0,0;
840,0,0,0,2,33,6,3,1,0,0;
846,0,0,0,2,33,6,3,2,0,0;
852,0,0,0,2,33,6,3,3,0,0;
858,0,0,0,2,33,6,3,4,0,0;
864,0,0,0,2,33,6,3,5,0,0;",
66,5043,"$L:npc_shop_shenseng$",1,"4504;4507;4510;4513",
67,5060,"$L:npc_shop_guild_mars$",1,"4047,0,0,0,2,0,0,1,1,20000,0;
4048,0,0,0,2,0,0,1,2,20000,0;
4049,0,0,0,2,0,0,1,3,20000,0;
4050,0,0,0,2,0,0,1,4,20000,0;
4196,0,0,0,2,0,0,1,5,20000,0;
4197,0,0,0,2,0,0,1,6,20000,0;
4781,0,0,0,2,0,0,2,1,20000,0;
4782,0,0,0,2,0,0,2,2,20000,0;
5877,0,0,0,2,0,0,2,3,20000,0;
5878,0,0,0,2,0,0,2,4,20000,0;",
68,5061,"$L:npc_shop_korean_cb$",1,"4561;4562;4563;4564;4565;4566;4567;4568;4569;4570;",
69,4793,"$L:npc_shop_korean_cb$",1,"4756;4757",
70,4794,"$L:npc_shop_korean_cb$",1,"1153,0,0,3600,0,0,0,1,1,0,0;",
71,4905,"$L:npc_shop_MARS_tianhuacun$",1,"357;358;359;360;361;362;1080;1082;1083;34;35;560;561;44;45;14;15;638;639;25;551;55;5;629;363;364;1084;1085;3455;3456;3457;4828;",
72,4893,"$L:npc_shop_MARS_meirilingli$",1,"5716;",
73,5242,"$L:npc_shop_fuhuyuenan$",1,"3513;",
74,"5244;5245;","$L:npc_shop_xueshancunshuidian$",1,"367;368;369;370;371;372;1084;1085;1080;3455;3456;3457;4828;",
75,5246,"$L:npc_shop_guihuashanshuidian$",1,"367;368;369;370;371;372;1084;1085;1080;3455;3456;3457;4828;",
76,5302,"$L:npc_shop_koreanbaoshishop$",1,"4950,0,0,3600,0,0,0,1,1,0,0;5780;5781;5782;5783;5784;5785;5786;5787;5788;5789;5790;5791;5792",
77,"5303;","$L:npc_shop_KOREANTaskShop$",1,"4110;",
78,"5304;","$L:npc_shop_KOREANTaskShop$",1,"4598;",
79,5502,"$L:npc_shop_lijiangcunshuidian$",1,"363;364;365;366;367;368;1080;3455;3456;3457;",
80,5545,"$L:npc_shop_lijiangcunwuqidian$",1,"3900;3901;3902;3903;3904;3905;3906;3907;3908;3909;3910;3911;3912;3913;401;402;404;405",
81,"5532;","$L:npc_shop_tangzhouTaskShop$",1,"5004;",
82,5335,"$L:npc_shop_feilibinBaoshiTaskShop$",1,"5560;5561;5562;5563;5564;5565;5566",
83,5336,"$L:npc_shop_feilibinBaoshiTaskShop$",1,"5567;5568;5569;5570;5571;5572",
84,5337,"$L:npc_shop_feilibinBaoshiTaskShop$",1,"5573;5574",
85,5350,"$L:npc_shop_eu2yearTaskShop$",1,"5588;",
86,2073,"$L:npc_shop_baoxueguanliyuan$",2,"3902;3903;3904;3905;3906;3907;3908;3909;3910;3911;3912;3913;3914;3915;3916;3917;401;402;404;405",
87,5505,"$L:npc_shop_cunminglisan$",1,"5014;",
88,5364,"$L:npc_shop_superpve$",1,"375;376;3900;3901;3902;3903;3904;3905;3906;3907;3908;3909;3910;3911;3912;3913;3914;3915;3916;3917;1080;401;402;404;405",
89,5419,"$L:npc_shop_philppines_cb$",1,"6039;4757;4314;4315;4316;4317;4318",
90,433,"$L:npc_shop_taiwan_meirilingli$",1,"5716;",
91,5665,"$L:npc_shop_jingshiyuyaoshi$",1,"367;368;369;370;371;372;1080;3455;3456;3457;",
92,5663,"$L:npc_shop_jingshiyutiejiang$",1,"3900;3901;3902;3903;3904;3905;3906;3907;3908;3909;3910;3911;3912;3913;401;402;404;405",
93,5666,"$L:npc_shop_zizhulinyaoshi$",1,"367;368;369;370;371;372;1080;3455;3456;3457;",
94,5664,"$L:npc_shop_zizhulintiejiang$",1,"3900;3901;3902;3903;3904;3905;3906;3907;3908;3909;3910;3911;3912;3913;401;402;404;405",
95,6325,"$L:npc_shop_battle$",1,"12051,0,0,0,2,123,7,1,1,0,0;12052,0,0,0,2,123,5,1,2,0,0;12053,0,0,0,2,123,6,1,3,0,0;12054,0,0,0,2,123,2,1,4,0,0;12055,0,0,0,2,123,3,1,5,0,0;12056,0,0,0,2,123,4,1,6,0,0;12057,0,0,0,2,123,7,2,1,0,0;12058,0,0,0,2,123,5,2,2,0,0;12059,0,0,0,2,123,6,2,3,0,0;12060,0,0,0,2,123,2,2,4,0,0;12061,0,0,0,2,123,3,2,5,0,0;12062,0,0,0,2,123,4,2,6,0,0;12063,0,0,0,2,123,7,3,1,0,0;12064,0,0,0,2,123,5,3,2,0,0;12065,0,0,0,2,123,6,3,3,0,0;12066,0,0,0,2,123,2,3,4,0,0;12067,0,0,0,2,123,3,3,5,0,0;12068,0,0,0,2,123,4,3,6,0,0;12069,0,0,0,2,123,7,4,1,0,0;12070,0,0,0,2,123,5,4,2,0,0;12071,0,0,0,2,123,6,4,3,0,0;12072,0,0,0,2,123,2,4,4,0,0;12073,0,0,0,2,123,3,4,5,0,0;12074,0,0,0,2,123,4,4,6,0,0;12075,0,0,0,2,123,7,5,1,0,0;12076,0,0,0,2,123,5,5,2,0,0;12077,0,0,0,2,123,6,5,3,0,0;12078,0,0,0,2,123,2,5,4,0,0;12079,0,0,0,2,123,3,5,5,0,0;12080,0,0,0,2,123,4,5,6,0,0;6095,0,0,0,2,123,8,6,1,0,2500;6110,0,0,0,2,123,8,6,2,0,2000;6109,0,0,0,2,123,8,6,3,0,2000",
96,7100,"$L:npc_shop_smuggler$",1,"12051,0,0,0,2,200,9,1,1,0,0;
12057,0,0,0,2,200,9,1,2,0,0;
12063,0,0,0,2,200,9,1,3,0,0;
12069,0,0,0,2,200,9,1,4,0,0;
12075,0,0,0,2,200,9,1,5,0,0;
12052,0,0,0,2,200,6,2,1,0,0;
12058,0,0,0,2,200,6,2,2,0,0;
12064,0,0,0,2,200,6,2,3,0,0;
12070,0,0,0,2,200,6,2,4,0,0;
12076,0,0,0,2,200,6,2,5,0,0;
12053,0,0,0,2,200,8,3,1,0,0;
12059,0,0,0,2,200,8,3,2,0,0;
12065,0,0,0,2,200,8,3,3,0,0;
12071,0,0,0,2,200,8,3,4,0,0;
12077,0,0,0,2,200,8,3,5,0,0;
12054,0,0,0,2,200,2,4,1,0,0;
12060,0,0,0,2,200,2,4,2,0,0;
12066,0,0,0,2,200,2,4,3,0,0;
12072,0,0,0,2,200,2,4,4,0,0;
12078,0,0,0,2,200,2,4,5,0,0;
12055,0,0,0,2,200,3,5,1,0,0;
12061,0,0,0,2,200,3,5,2,0,0;
12067,0,0,0,2,200,3,5,3,0,0;
12073,0,0,0,2,200,3,5,4,0,0;
12079,0,0,0,2,200,3,5,5,0,0;
12056,0,0,0,2,200,5,6,1,0,0;
12062,0,0,0,2,200,5,6,2,0,0;
12068,0,0,0,2,200,5,6,3,0,0;
12074,0,0,0,2,200,5,6,4,0,0;
12080,0,0,0,2,200,5,6,5,0,0;",
97,5306,"$L:npc_shop_5306$",20,"6242,0,0,0,2,40,1,1,1,0,0;
4234,0,0,0,2,40,9,1,2,0,0;
6304,0,0,0,2,40,9,1,3,0,0;
6305,0,0,0,2,40,9,1,4,0,0;
4694,0,0,0,2,40,9,1,5,0,0;
4695,0,0,0,2,40,9,1,6,0,0;
15068,0,0,0,2,40,9,2,1,0,0;
15069,0,0,0,2,40,9,2,2,0,0;
15070,0,0,0,2,40,9,2,3,0,0;
15071,0,0,0,2,40,9,2,4,0,0;
15072,0,0,0,2,40,9,2,5,0,0;
15073,0,0,0,2,40,9,2,6,0,0;",
98,5305,"$L:npc_shop_5306$",1,"3900;3901;3902;3903;3904;3905;3906;3907;3908;3909;3910;3911;3912;3913;401;402;404;405",
99,8202,"$L:npc_shop_5306$",20,"12060,0,0,0,2,39,1,1,1,0,0;
12066,0,0,0,2,39,1,1,2,0,0;
12072,0,0,0,2,39,1,1,3,0,0;
12078,0,0,0,2,39,1,1,4,0,0;
12054,0,0,0,2,39,1,1,5,0,0;
12061,0,0,0,2,39,2,2,1,0,0;
12067,0,0,0,2,39,2,2,2,0,0;
12073,0,0,0,2,39,2,2,3,0,0;
12079,0,0,0,2,39,2,2,4,0,0;
12055,0,0,0,2,39,2,2,5,0,0;
12062,0,0,0,2,39,3,3,1,0,0;
12068,0,0,0,2,39,3,3,2,0,0;
12074,0,0,0,2,39,3,3,3,0,0;
12080,0,0,0,2,39,3,3,4,0,0;
12056,0,0,0,2,39,3,3,5,0,0;
12058,0,0,0,2,39,4,4,1,0,0;
12064,0,0,0,2,39,4,4,2,0,0;
12070,0,0,0,2,39,4,4,3,0,0;
12076,0,0,0,2,39,4,4,4,0,0;
12052,0,0,0,2,39,4,4,5,0,0;
12059,0,0,0,2,39,6,5,1,0,0;
12065,0,0,0,2,39,6,5,2,0,0;
12071,0,0,0,2,39,6,5,3,0,0;
12077,0,0,0,2,39,6,5,4,0,0;
12053,0,0,0,2,39,6,5,5,0,0;
12057,0,0,0,2,39,8,6,1,0,0;
12063,0,0,0,2,39,8,6,2,0,0;
12069,0,0,0,2,39,8,6,3,0,0;
12075,0,0,0,2,39,8,6,4,0,0;
12051,0,0,0,2,39,8,6,5,0,0;",
100,8203,"$L:npc_shop_5306$",20,"12060,0,0,0,2,39,1,1,1,0,0;
12066,0,0,0,2,39,1,1,2,0,0;
12072,0,0,0,2,39,1,1,3,0,0;
12078,0,0,0,2,39,1,1,4,0,0;
12054,0,0,0,2,39,1,1,5,0,0;
12061,0,0,0,2,39,2,2,1,0,0;
12067,0,0,0,2,39,2,2,2,0,0;
12073,0,0,0,2,39,2,2,3,0,0;
12079,0,0,0,2,39,2,2,4,0,0;
12055,0,0,0,2,39,2,2,5,0,0;
12062,0,0,0,2,39,3,3,1,0,0;
12068,0,0,0,2,39,3,3,2,0,0;
12074,0,0,0,2,39,3,3,3,0,0;
12080,0,0,0,2,39,3,3,4,0,0;
12056,0,0,0,2,39,3,3,5,0,0;
12058,0,0,0,2,39,4,4,1,0,0;
12064,0,0,0,2,39,4,4,2,0,0;
12070,0,0,0,2,39,4,4,3,0,0;
12076,0,0,0,2,39,4,4,4,0,0;
12052,0,0,0,2,39,4,4,5,0,0;
12059,0,0,0,2,39,6,5,1,0,0;
12065,0,0,0,2,39,6,5,2,0,0;
12071,0,0,0,2,39,6,5,3,0,0;
12077,0,0,0,2,39,6,5,4,0,0;
12053,0,0,0,2,39,6,5,5,0,0;
12057,0,0,0,2,39,8,6,1,0,0;
12063,0,0,0,2,39,8,6,2,0,0;
12069,0,0,0,2,39,8,6,3,0,0;
12075,0,0,0,2,39,8,6,4,0,0;
12051,0,0,0,2,39,8,6,5,0,0;",
101,8204,"$L:npc_shop_5306$",20,"12060,0,0,0,2,39,1,1,1,0,0;
12066,0,0,0,2,39,1,1,2,0,0;
12072,0,0,0,2,39,1,1,3,0,0;
12078,0,0,0,2,39,1,1,4,0,0;
12054,0,0,0,2,39,1,1,5,0,0;
12061,0,0,0,2,39,2,2,1,0,0;
12067,0,0,0,2,39,2,2,2,0,0;
12073,0,0,0,2,39,2,2,3,0,0;
12079,0,0,0,2,39,2,2,4,0,0;
12055,0,0,0,2,39,2,2,5,0,0;
12062,0,0,0,2,39,3,3,1,0,0;
12068,0,0,0,2,39,3,3,2,0,0;
12074,0,0,0,2,39,3,3,3,0,0;
12080,0,0,0,2,39,3,3,4,0,0;
12056,0,0,0,2,39,3,3,5,0,0;
12058,0,0,0,2,39,4,4,1,0,0;
12064,0,0,0,2,39,4,4,2,0,0;
12070,0,0,0,2,39,4,4,3,0,0;
12076,0,0,0,2,39,4,4,4,0,0;
12052,0,0,0,2,39,4,4,5,0,0;
12059,0,0,0,2,39,6,5,1,0,0;
12065,0,0,0,2,39,6,5,2,0,0;
12071,0,0,0,2,39,6,5,3,0,0;
12077,0,0,0,2,39,6,5,4,0,0;
12053,0,0,0,2,39,6,5,5,0,0;
12057,0,0,0,2,39,8,6,1,0,0;
12063,0,0,0,2,39,8,6,2,0,0;
12069,0,0,0,2,39,8,6,3,0,0;
12075,0,0,0,2,39,8,6,4,0,0;
12051,0,0,0,2,39,8,6,5,0,0;",
102,8205,"$L:npc_shop_5306$",20,"12060,0,0,0,2,39,1,1,1,0,0;
12066,0,0,0,2,39,1,1,2,0,0;
12072,0,0,0,2,39,1,1,3,0,0;
12078,0,0,0,2,39,1,1,4,0,0;
12054,0,0,0,2,39,1,1,5,0,0;
12061,0,0,0,2,39,2,2,1,0,0;
12067,0,0,0,2,39,2,2,2,0,0;
12073,0,0,0,2,39,2,2,3,0,0;
12079,0,0,0,2,39,2,2,4,0,0;
12055,0,0,0,2,39,2,2,5,0,0;
12062,0,0,0,2,39,3,3,1,0,0;
12068,0,0,0,2,39,3,3,2,0,0;
12074,0,0,0,2,39,3,3,3,0,0;
12080,0,0,0,2,39,3,3,4,0,0;
12056,0,0,0,2,39,3,3,5,0,0;
12058,0,0,0,2,39,4,4,1,0,0;
12064,0,0,0,2,39,4,4,2,0,0;
12070,0,0,0,2,39,4,4,3,0,0;
12076,0,0,0,2,39,4,4,4,0,0;
12052,0,0,0,2,39,4,4,5,0,0;
12059,0,0,0,2,39,6,5,1,0,0;
12065,0,0,0,2,39,6,5,2,0,0;
12071,0,0,0,2,39,6,5,3,0,0;
12077,0,0,0,2,39,6,5,4,0,0;
12053,0,0,0,2,39,6,5,5,0,0;
12057,0,0,0,2,39,8,6,1,0,0;
12063,0,0,0,2,39,8,6,2,0,0;
12069,0,0,0,2,39,8,6,3,0,0;
12075,0,0,0,2,39,8,6,4,0,0;
12051,0,0,0,2,39,8,6,5,0,0;",
103,8206,"$L:npc_shop_5306$",20,"12060,0,0,0,2,39,1,1,1,0,0;
12066,0,0,0,2,39,1,1,2,0,0;
12072,0,0,0,2,39,1,1,3,0,0;
12078,0,0,0,2,39,1,1,4,0,0;
12054,0,0,0,2,39,1,1,5,0,0;
12061,0,0,0,2,39,2,2,1,0,0;
12067,0,0,0,2,39,2,2,2,0,0;
12073,0,0,0,2,39,2,2,3,0,0;
12079,0,0,0,2,39,2,2,4,0,0;
12055,0,0,0,2,39,2,2,5,0,0;
12062,0,0,0,2,39,3,3,1,0,0;
12068,0,0,0,2,39,3,3,2,0,0;
12074,0,0,0,2,39,3,3,3,0,0;
12080,0,0,0,2,39,3,3,4,0,0;
12056,0,0,0,2,39,3,3,5,0,0;
12058,0,0,0,2,39,4,4,1,0,0;
12064,0,0,0,2,39,4,4,2,0,0;
12070,0,0,0,2,39,4,4,3,0,0;
12076,0,0,0,2,39,4,4,4,0,0;
12052,0,0,0,2,39,4,4,5,0,0;
12059,0,0,0,2,39,6,5,1,0,0;
12065,0,0,0,2,39,6,5,2,0,0;
12071,0,0,0,2,39,6,5,3,0,0;
12077,0,0,0,2,39,6,5,4,0,0;
12053,0,0,0,2,39,6,5,5,0,0;
12057,0,0,0,2,39,8,6,1,0,0;
12063,0,0,0,2,39,8,6,2,0,0;
12069,0,0,0,2,39,8,6,3,0,0;
12075,0,0,0,2,39,8,6,4,0,0;
12051,0,0,0,2,39,8,6,5,0,0;",
104,6112,"$L:npc_shop_5306$",20,"15003,0,0,0,2,41,2,1,1,0,0;
15009,0,0,0,2,41,2,1,2,0,0;
15015,0,0,0,2,41,2,1,3,0,0;
15021,0,0,0,2,41,2,1,4,0,0;
15027,0,0,0,2,41,2,1,5,0,0;
15004,0,0,0,2,41,3,2,1,0,0;
15010,0,0,0,2,41,3,2,2,0,0;
15016,0,0,0,2,41,3,2,3,0,0;
15022,0,0,0,2,41,3,2,4,0,0;
15028,0,0,0,2,41,3,2,5,0,0;
15005,0,0,0,2,41,5,3,1,0,0;
15011,0,0,0,2,41,5,3,2,0,0;
15017,0,0,0,2,41,5,3,3,0,0;
15023,0,0,0,2,41,5,3,4,0,0;
15029,0,0,0,2,41,5,3,5,0,0;
15001,0,0,0,2,41,6,4,1,0,0;
15007,0,0,0,2,41,6,4,2,0,0;
15013,0,0,0,2,41,6,4,3,0,0;
15019,0,0,0,2,41,6,4,4,0,0;
15025,0,0,0,2,41,6,4,5,0,0;
15002,0,0,0,2,41,8,5,1,0,0;
15008,0,0,0,2,41,8,5,2,0,0;
15014,0,0,0,2,41,8,5,3,0,0;
15020,0,0,0,2,41,8,5,4,0,0;
15026,0,0,0,2,41,8,5,5,0,0;
15000,0,0,0,2,41,9,6,1,0,0;
15006,0,0,0,2,41,9,6,2,0,0;
15012,0,0,0,2,41,9,6,3,0,0;
15018,0,0,0,2,41,9,6,4,0,0;
15024,0,0,0,2,41,9,6,5,0,0;",
105,10009,"$L:npc_shop_5306$",20,"15081,0,0,0,2,42,9,1,1,0,0;
15082,0,0,0,2,42,9,1,2,0,0;
15083,0,0,0,2,42,9,1,5,0,0;
15084,0,0,0,2,42,9,1,6,0,0;
15085,0,0,0,2,42,9,2,1,0,0;
15086,0,0,0,2,42,9,2,2,0,0;
15087,0,0,0,2,42,9,2,5,0,0;
15088,0,0,0,2,42,9,2,6,0,0;
15089,0,0,0,2,42,9,3,3,0,0;
15090,0,0,0,2,42,9,3,4,0,0;",